gitemq-0031#1	KEY	E
gitemq-0031#1	EX	The Shouldice repair is a suture repair that double-breasts (imbricates) the transversalis fascia of the posterior wall in layers.
gitemq-0031#2	KEY	F
gitemq-0031#2	EX	The Stoppa operation places a large preperitoneal mesh through a lower midline incision for complex, bilateral or recurrent groin hernias.
gitemq-0031#3	EX	The Mayo repair double-breasts (overlaps) the rectus sheath above and below an umbilical/paraumbilical defect.
gitemq-0031#4	KEY	A
gitemq-0031#4	EX	The Desarda repair reinforces the posterior wall with an undetached strip of external oblique aponeurosis, without mesh.
gitemq-0031#5	KEY	B
gitemq-0031#5	EX	The Lichtenstein operation is the standard open tension-free mesh repair of an inguinal hernia.
gitemq-0031#6	EX	The Ramirez technique (anterior component separation) releases the external oblique to allow midline closure of large incisional hernias.
gitemq-0032#1	EX	Nocturnal cough, halitosis and recurrent aspiration pneumonia in an elderly woman suggest a pharyngeal pouch (Zenker diverticulum).
gitemq-0032#2	EX	Postprandial fullness relieved by belching with a gas bubble behind the heart on CXR is a rolling (para-oesophageal) hiatus hernia.
gitemq-0032#5	EX	Two years of dysphagia with regurgitation of stale food, aspiration and weight loss in a young man is achalasia.
gitemq-0034#1	EX	Poorly controlled long-standing diabetes with early end-organ damage in a man who is only mildly obese suits a metabolic operation such as ileal transposition (GLP-1 effect).
gitemq-0034#2	EX	Severe obesity (BMI ~46) with worsening diabetes and hypertension: Roux-en-Y gastric bypass gives the best metabolic remission.
gitemq-0034#3	EX	A young, motivated patient with BMI 40 and no comorbidity wanting a reversible, adjustable option may choose gastric banding, which needs close follow-up.
gitemq-0034#4	EX	Weight regain and relapse of diabetes after sleeve gastrectomy with BMI 52 is treated by revision to a malabsorptive procedure such as biliopancreatic diversion.
gitemq-0034#5	EX	BMI 45 with only snoring: sleeve gastrectomy is effective with fewer long-term nutritional problems.
gitemq-0035#1	KEY	D
gitemq-0035#1	EX	Recurrent cholangitis with intrahepatic duct dilatation and stones is Caroli disease (congenital saccular dilatation of intrahepatic ducts).
gitemq-0035#2	KEY	K
gitemq-0035#2	EX	Cholestatic jaundice after colectomy for UC with beaded, narrowed intra- and extrahepatic ducts on ERCP is primary sclerosing cholangitis.
gitemq-0035#3	KEY	J
gitemq-0035#3	EX	Pruritus, jaundice and progression to portal hypertension in a middle-aged woman suggest primary biliary cholangitis (cirrhosis); antimitochondrial antibodies.
gitemq-0035#4	KEY	C
gitemq-0035#4	EX	Hepatomegaly, ascites and a large congested liver in a young woman suggest hepatic venous outflow obstruction: Budd–Chiari syndrome.
gitemq-0035#5	KEY	N
gitemq-0035#5	EX	A solitary thin-walled cystic liver lesion with normal LFTs is a simple liver cyst; treat (deroofing) only if symptomatic.
gitemq-0035#6	KEY	A
gitemq-0035#6	EX	Fever, tender hepatomegaly and a hypoechoic cavity after dysentery acquired in the Indian subcontinent is an amoebic liver abscess: metronidazole.
gitemq-0035#7	KEY	B
gitemq-0035#7	EX	Charcot triad (pain, jaundice, rigors) with CBD stones after cholecystectomy is ascending cholangitis from retained stones: antibiotics and ERCP.
gitemq-0035#8	KEY	O
gitemq-0035#8	EX	Malaise and anorexia followed by jaundice with tender hepatomegaly and high transaminases (no pruritus) is viral hepatitis.
gitemq-0035#9	KEY	L
gitemq-0035#9	EX	Fever and tender hepatomegaly with a multiloculated collection in an elderly diabetic is a pyogenic liver abscess: drainage and antibiotics.
gitemq-0035#10	KEY	I
gitemq-0035#10	EX	A septated (daughter-cyst) liver lesion with eosinophilia in someone from a sheep-farming region is a hydatid cyst.
gitemq-0035#11	KEY	G
gitemq-0035#11	EX	A well-circumscribed vascular solid tumour in a young woman on the pill is a hepatic adenoma (risk of bleeding and malignant change).
gitemq-0035#12	KEY	H
gitemq-0035#12	EX	A liver mass with very high AFP and a haematemesis (portal hypertension) is hepatocellular carcinoma.
gitemq-0035#13	KEY	M
gitemq-0035#13	EX	A solid liver mass after resection of a caecal cancer is a colorectal liver metastasis.
gitemq-0035#14	KEY	F
gitemq-0035#14	EX	Blue, compressible lesions on the liver surface are haemangiomas, the commonest benign liver tumour.
gitemq-0035#15	KEY	E
gitemq-0035#15	EX	A hypervascular liver lesion with a central scar is focal nodular hyperplasia, which needs no treatment.
gitemq-0036#5	STEM	A 50-year-old man with a history of epigastric pain presents with constant, severe, generalised abdominal pain. He is distressed with a rigid abdomen; pulse 110/min, BP 100/60 mmHg.
gitemq-0037#3	STEM	A 35-year-old man has weight loss, diarrhoea, abdominal pain and aphthous mouth ulcers; a mass is palpable in the right iliac fossa. Blood tests show low serum B12 and folate.
gitemq-0037#4	STEM	A 72-year-old man with a history of constipation has fever, diarrhoea and left iliac fossa pain, with tenderness in the left iliac fossa.
gitemq-0039#1	EX	Fever with rigors, RUQ pain and jaundice (Charcot triad) is ascending cholangitis: IV antibiotics and urgent biliary drainage (ERCP).
gitemq-0041#2	STEM	A 69-year-old man is brought to A&E with an acute abdomen. After resuscitation, laparotomy shows a perforated sigmoid colon secondary to a malignant-looking mass.
gitemq-0042#2	STEM	A 65-year-old man has weight loss and diarrhoea and has noticed blood mixed in with his stools.
gitemq-0042#4	STEM	A 65-year-old man with diverticular disease is admitted with suspected diverticulitis and is not improving after 24 hours of antibiotics and intravenous fluids.
gitemq-0043#1	STEM	A 54-year-old woman has a 48-hour history of colicky abdominal pain, vomiting and distension. Pulse 120/min, BP 100/75 mmHg, temperature 38 °C. There is generalised tenderness with a firm, tender 3 × 4 cm swelling in the right groin; bowel sounds are absent.
gitemq-0043#4	STEM	A 23-year-old man with 6 months of weight loss, anorexia, postprandial abdominal pain and diarrhoea now has colicky pain, vomiting, absolute constipation and distension for 3 days. Pulse 120/min, BP 89/56 mmHg, temperature 38.2 °C; central tenderness without guarding. Hb 10.1 g/dL, WCC 18.0 × 10⁹/L, CRP 155, albumin 28.
gitemq-0044#1	STEM	A 65-year-old man collapses in the street. He has an expansile, pulsatile abdominal mass above the umbilicus.
gitemq-0044#1	KEY	K
gitemq-0044#1	EX	Collapse with an expansile pulsatile mass above the umbilicus is a (leaking) abdominal aortic aneurysm.
gitemq-0044#2	STEM	A 75-year-old man with 3 months of dyspepsia has weight loss and abdominal distension. There is a 3.5-cm hard, irregular, tender epigastric mass that moves on respiration, shifting dullness and a palpable left supraclavicular node.
gitemq-0044#2	KEY	C
gitemq-0044#2	EX	A hard epigastric mass with ascites and a Virchow node (Troisier sign) is advanced gastric carcinoma.
gitemq-0044#3	STEM	A 70-year-old woman has a mass in the right iliac fossa and severe microcytic anaemia. The mass is firm, irregular and 4 cm across, and its lower edge is palpable.
gitemq-0044#3	KEY	I
gitemq-0044#3	EX	An irregular RIF mass with iron-deficiency anaemia in an older woman is caecal carcinoma.
gitemq-0044#4	STEM	A 35-year-old woman has an abdominal mass growing over 6 months with very heavy menstrual bleeding but no intermenstrual bleeding. A knobbly mass is felt in the lower midline, dull to percussion; its lower edge is not palpable.
gitemq-0044#4	KEY	E
gitemq-0044#4	EX	A knobbly pelvic mass arising from the pelvis (no lower edge) with menorrhagia is uterine fibroids.
gitemq-0044#5	STEM	A 70-year-old alcoholic has a tender upper abdominal mass. CT shows a thick-walled, rounded, fluid-filled mass adjacent to the pancreas.
gitemq-0044#5	KEY	F
gitemq-0044#5	EX	A thick-walled peripancreatic fluid collection in an alcoholic is a pancreatic pseudocyst (mature after ~4 weeks).
gitemq-0044	NOTES
gitemq-0046	DEL	empty placeholder theme (no options or questions in the source)
gitemq-0050#1	KEY	A
gitemq-0050#1	EX	An isolated rise in (unconjugated) bilirubin with otherwise normal tests is pre-hepatic, e.g. Gilbert syndrome.
gitemq-0050	DUP	gitemq-0021
gitemq-0058#3	STEM	A 44-year-old man who has recently arrived from Brazil has a 5-month history of dysphagia for solids and liquids; he is otherwise well. A chest X-ray shows an air–fluid level behind the heart.
gitemq-0058#5	STEM	A 42-year-old man taking prednisolone for an exacerbation of inflammatory bowel disease has retrosternal pain and dysphagia. There are multiple white plaques in his mouth that rub off easily.
