gibleed-0052	CH	gitum
gibleed-0053	CH	gitum
gibleed-0054	CH	gitum
gibleed-0055	CH	gitum
gibleed-0056	CH	gitum
gibleed-0057	CH	gitum
gibleed-0058	CH	liver
gibleed-0059	CH	gitum
gibleed-0060	CH	gitum
gibleed-0061	CH	gitum
gibleed-0062	CH	gitum
gibleed-0063	CH	gitum
gibleed-0064	CH	gitum
gibleed-0065	CH	gitum
gibleed-0066	CH	gitum
gibleed-0067	CH	gitum
gibleed-0068	CH	gitum
gibleed-0069	CH	gitum
gibleed-0070	CH	gitum
gibleed-0071	CH	gitum
gibleed-0072	CH	gitum
gibleed-0073	CH	gitum
gibleed-0074	CH	gitum
gibleed-0075	CH	gitum
gibleed-0076	CH	gitum
gibleed-0077	CH	gitum
gibleed-0078	CH	gitum
gibleed-0079	CH	gitum
gibleed-0080	CH	gitum
gibleed-0081	CH	gitum
gibleed-0082	CH	gitum
gibleed-0083	CH	gitum
gibleed-0084	CH	gitum
gibleed-0085	CH	gitum
gibleed-0086	CH	gitum
gibleed-0087	CH	gitum
gibleed-0088	CH	gitum
gibleed-0089	CH	gitum
gibleed-0090	CH	gitum
gibleed-0091	CH	gitum
gibleed-0092	CH	gitum
gibleed-0093	CH	gitum
gibleed-0094	CH	gitum
gibleed-0095	CH	gitum
gibleed-0096	CH	gitum
gibleed-0097	CH	gitum
gibleed-0098	CH	gitum
gibleed-0099	CH	gitum
gibleed-0100	CH	gitum
gibleed-0101	CH	gitum
gibleed-0102	CH	gitum
gibleed-0103	CH	gitum
gibleed-0104	CH	gitum
gibleed-0105	CH	gitum
gibleed-0106	CH	gitum
gibleed-0107	CH	gitum
gibleed-0108	CH	gitum
gibleed-0109	CH	gitum
gibleed-0110	CH	gitum
gibleed-0111	CH	gitum
gibleed-0112	CH	gitum
gibleed-0113	CH	gitum
gibleed-0114	CH	gitum
gibleed-0115	CH	gitum
gibleed-0116	CH	gitum
gibleed-0117	CH	gitum
gibleed-0118	CH	gitum
gibleed-0119	CH	gitum
gibleed-0120	CH	gitum
gibleed-0121	CH	liver
gibleed-0122	CH	gitum
gibleed-0123	CH	gb
gibleed-0124	CH	gitum
gibleed-0125	CH	gitum
gibleed-0126	CH	gitum
gibleed-0127	CH	gitum
gibleed-0128	CH	gitum
gibleed-0129	CH	gitum
gibleed-0130	CH	gitum
gibleed-0131	CH	endo
gibleed-0132	CH	endo
gibleed-0133	CH	adrenal
gibleed-0134	CH	endo
gibleed-0135	CH	gitum
gibleed-0136	CH	gitum
gibleed-0137	CH	gitum
gibleed-0138	CH	gitum
gibleed-0139	CH	liver
gibleed-0140	CH	panc
gibleed-0141	CH	gitum
gibleed-0031	CH	shock
gibleed-0034	CH	paed
